{"mean_squared_error": 9306947.127167983, "mean_absolute_error": 2189.2301256296373, "root_mean_squared_error": 3050.7289501310966, "r2_score": 0.5253649198267034}